Transaction ID,Customer ID,Payment_Mode
10000011,29290,Card
10000012,27703,Card
10000013,28712,Cash
10000014,28020,Cash
10000015,27182,Card
10000016,27318,Cash
10000017,33788,Card
10000018,34106,Card
10000019,59799,Cash
10000020,57982,Cash
10000021,58774,Cash
10000022,58627,Card
10000023,59007,Card
10000024,58215,Cash
10000025,59372,Cash
10000026,57950,Cash
10000027,59533,Card
10000028,58346,Cash
10000029,58925,Card
10000030,58551,Card
10000031,59804,Card
10000032,57200,Card
10000033,57931,Cash
10000034,3077,Cash
10000035,4734,Card
10000036,4004,Card
10000037,5528,Card
10000038,5785,Card
10000039,3714,Cash
10000040,3746,Card
10000041,4289,Card
10000042,5777,Cash
10000043,3571,Card
10000044,4779,Cash
10000045,5734,Card
10000046,5734,Cash
10000047,3051,Card
10000048,5915,Card
10000049,5628,Cash
10000050,3125,Cash
10000051,4813,Cash
10000052,4682,Cash
10000053,3787,Cash
10000054,5029,Card
10000055,3600,Cash
10000056,4606,Card
10000057,3546,Cash
10000058,5707,Card
10000059,4457,Cash
10000060,3330,Card
10000061,5094,Card
10000062,5284,Cash
10000063,5741,Cash
10000064,25949,Card
10000065,24086,Card
10000066,25155,Card
10000067,25247,Cash
10000068,24530,Cash
10000069,24144,Cash
10000070,30718,Cash
10000071,30769,Cash
10000072,31634,Card
10000073,30725,Cash
10000074,8693,Card
10000075,8354,Cash
10000076,8953,Cash
10000077,7409,Cash
10000078,8448,Card
10000079,7598,Cash
10000080,7475,Card
10000081,8197,Card
10000082,8159,Card
10000083,8543,Cash
10000084,8702,Cash
10000085,8661,Card
10000086,8624,Cash
10000087,6318,Card
10000088,8420,Cash
10000089,7309,Card
10000090,8091,Card
10000091,6940,Card
10000092,8927,Card
10000093,7002,Cash
10000094,8555,Cash
10000095,6214,Cash
10000096,8927,Cash
10000097,6068,Card
10000098,8125,Card
10000099,7723,Cash
10000100,8773,Card
10000101,8488,Card
10000102,7277,Cash
10000103,7342,Card
10000104,8820,Card
10000105,8069,Card
10000106,7317,Card
10000107,6343,Card
10000108,6941,Cash
10000109,7974,Cash
10000110,8294,Card
10000111,7355,Card
10000112,7451,Cash
10000113,7924,Cash
10000114,6458,Cash
10000115,6017,Card
10000116,7615,Cash
10000117,6236,Card
10000118,7432,Cash
10000119,7199,Card
10000120,7388,Card
10000121,8745,Cash
10000122,6437,Cash
10000123,7928,Card
10000124,6465,Card
10000125,6249,Cash
10000126,7836,Cash
10000127,7539,Card
10000128,7940,Card
10000129,8600,Card
10000130,8846,Card
10000131,8751,Cash
10000132,8586,Cash
10000133,7927,Cash
10000134,11224,Card
10000135,9584,Card
10000136,11646,Cash
10000137,55370,Cash
10000138,54452,Card
10000139,2416,Cash
10000140,2060,Card
10000141,1451,Card
10000142,1609,Card
10000143,2927,Cash
10000144,2626,Card
10000145,502,Cash
10000146,2571,Card
10000147,769,Cash
10000148,373,Cash
10000149,533,Card
10000150,1217,Cash
10000151,2039,Cash
10000152,590,Cash
10000153,2828,Card
10000154,98,Cash
10000155,591,Cash
10000156,2146,Card
10000157,16700,Cash
10000158,15732,Card
10000159,15400,Card
10000160,16786,Card
10000161,17470,Cash
10000162,15487,Cash
10000163,22557,Cash
10000164,22469,Card
10000165,50246,Cash
10000166,48443,Cash
10000167,47364,Card
10000168,46934,Cash
10000169,45834,Card
10000170,20330,Cash
10000171,20687,Cash
10000172,20206,Card
10000173,19851,Card
10000174,18893,Card
10000175,18179,Card
10000176,18556,Card
10000177,20552,Card
10000178,19699,Card
10000179,19462,Card
10000180,19038,Cash
10000181,18849,Cash
10000182,18418,Cash
10000183,20760,Card
10000184,20474,Card
10000185,18656,Card
10000186,18865,Card
10000187,18817,Cash
10000188,19185,Card
10000189,18488,Cash
10000190,19961,Card
10000191,18498,Card
10000192,20869,Card
10000193,18241,Card
10000194,18314,Card
10000195,20752,Cash
10000196,20745,Cash
10000197,20848,Card
10000198,18363,Cash
10000199,18088,Cash
10000200,18798,Cash
10000201,18490,Card
10000202,18838,Card
10000203,43177,Card
10000204,44348,Cash
10000205,44599,Cash
10000206,44264,Cash
10000207,43369,Cash
10000208,44174,Card
10000209,42366,Cash
10000210,42276,Card
10000211,42899,Cash
10000212,42066,Card
10000213,42141,Card
10000214,43099,Card
10000215,44175,Cash
10000216,42641,Card
10000217,42039,Cash
10000218,44863,Card
10000219,43536,Card
10000220,42739,Card
10000221,42970,Card
10000222,43729,Card
10000223,42330,Card
10000224,44656,Card
10000225,44379,Card
10000226,43571,Cash
10000227,42242,Cash
10000228,42332,Card
10000229,42538,Card
10000230,44107,Cash
10000231,44274,Cash
10000232,42548,Card
10000233,42682,Card
10000234,43988,Cash
10000235,43499,Card
10000236,43630,Card
10000237,42493,Cash
10000238,43000,Cash
10000239,44526,Card
10000240,43508,Cash
10000241,42918,Cash
10000242,42996,Card
10000243,44874,Card
10000244,43516,Card
10000245,42748,Card
10000246,44711,Cash
10000247,44224,Card
10000248,42056,Cash
10000249,43602,Cash
10000250,44100,Card
10000251,42535,Cash
10000252,43521,Cash
10000253,44511,Cash
10000254,44585,Card
10000255,42567,Cash
10000256,43331,Card
10000257,42954,Card
10000258,44752,Card
10000259,42654,Cash
10000260,42890,Card
10000261,43579,Card
10000262,44301,Cash
10000263,43169,Cash
10000264,43331,Cash
10000265,44905,Cash
10000266,42461,Cash
10000267,42784,Cash
10000268,44422,Card
10000269,44193,Card
10000270,43451,Cash
10000271,42740,Cash
10000272,42110,Card
10000273,44277,Cash
10000274,44667,Card
10000275,42960,Cash
10000276,43706,Cash
10000277,43708,Card
10000278,42499,Card
10000279,43708,Cash
10000280,44186,Card
10000281,43614,Cash
10000282,43126,Cash
10000283,42979,Card
10000284,44745,Card
10000285,44054,Card
10000286,42808,Card
10000287,42796,Cash
10000288,42793,Card
10000289,44966,Cash
10000290,43623,Cash
10000291,44343,Cash
10000292,42136,Card
10000293,44693,Cash
10000294,42842,Cash
10000295,43715,Cash
10000296,42074,Card
10000297,44652,Card
10000298,42296,Card
10000299,42195,Card
10000300,44048,Card
10000301,44062,Cash
10000302,42656,Cash
10000303,42578,Card
10000304,42217,Cash
10000305,42537,Cash
10000306,44016,Card
10000307,44210,Cash
10000308,42252,Cash
10000309,43737,Cash
10000310,43265,Card
10000311,43151,Cash
10000312,44261,Cash
10000313,44818,Card
10000314,43699,Card
10000315,42259,Card
10000316,44253,Cash
10000317,42372,Cash
10000318,42857,Card
10000319,43151,Cash
10000320,43990,Cash
10000321,44240,Card
10000322,43445,Card
10000323,42742,Cash
10000324,43815,Cash
10000325,44594,Cash
10000326,44316,Cash
10000327,42571,Cash
10000328,43020,Cash
10000329,42803,Card
10000330,43541,Card
10000331,43203,Card
10000332,44091,Card
10000333,44089,Card
10000334,42615,Card
10000335,43344,Card
10000336,44430,Card
10000337,43939,Cash
10000338,43584,Card
10000339,44907,Card
10000340,44336,Card
10000341,43326,Card
10000342,44297,Card
10000343,36512,Cash
10000344,36850,Cash
10000345,37896,Card
10000346,37800,Cash
10000347,37113,Cash
10000348,38915,Card
10000349,36691,Cash
10000350,38274,Card
10000351,38641,Card
10000352,37641,Card
10000353,38247,Card
10000354,38256,Cash
10000355,37005,Card
10000356,38635,Card
10000357,38494,Card
10000358,14850,Cash
10000359,13157,Card
10000360,13717,Cash
10000361,13231,Card
10000362,13258,Card
10000363,13499,Card
10000364,13166,Card
10000365,14340,Cash
10000366,12335,Cash
10000367,12072,Card
10000368,13090,Cash
10000369,14260,Card
10000370,39975,Card
10000371,39941,Card
10000372,51779,Card
10000373,52586,Card
10000374,53334,Card
10000375,51011,Cash
10000376,52067,Cash
10000377,51693,Card
10000378,51246,Card
10000379,52733,Card
10000380,53094,Card
10000381,52284,Card
10000382,52185,Card
10000383,51082,Card
10000384,27602,Card
10000385,27594,Cash
10000386,27884,Cash
10000387,28533,Cash
10000388,29039,Card
10000389,28102,Card
10000390,29494,Card
10000391,27891,Cash
10000392,29651,Card
10000393,27440,Cash
10000394,29599,Cash
10000395,27228,Cash
10000396,27705,Card
10000397,29009,Card
10000398,29558,Cash
10000399,27092,Cash
10000400,29443,Cash
10000401,28932,Card
10000402,29559,Card
10000403,27749,Card
10000404,29675,Card
10000405,29159,Card
10000406,28115,Card
10000407,28137,Card
10000408,33771,Card
10000409,35061,Card
10000410,33730,Card
10000411,33676,Card
10000412,34040,Card
10000413,57195,Card
10000414,59288,Cash
10000415,57824,Card
10000416,59580,Card
10000417,57825,Card
10000418,59807,Card
10000419,57102,Card
10000420,59062,Cash
10000421,57874,Cash
10000422,59419,Card
10000423,57990,Card
10000424,59588,Card
10000425,58056,Card
10000426,59272,Card
10000427,57854,Card
10000428,58656,Card
10000429,57474,Card
10000430,58500,Card
10000431,58838,Card
10000432,59310,Cash
10000433,58665,Cash
10000434,59961,Card
10000435,58742,Cash
10000436,59793,Cash
10000437,59825,Cash
10000438,57691,Cash
10000439,57758,Cash
10000440,58476,Cash
10000441,57180,Card
10000442,57153,Card
10000443,59838,Card
10000444,59301,Cash
10000445,59288,Card
10000446,57911,Card
10000447,58805,Card
10000448,58773,Cash
10000449,59006,Card
10000450,59255,Cash
10000451,57060,Card
10000452,57947,Card
10000453,58434,Cash
10000454,58945,Cash
10000455,57622,Cash
10000456,57234,Card
10000457,58480,Card
10000458,58898,Card
10000459,59824,Cash
10000460,58951,Card
10000461,57222,Cash
10000462,59896,Cash
10000463,58888,Card
10000464,57661,Card
10000465,59144,Card
10000466,59367,Card
10000467,57812,Card
10000468,4269,Cash
10000469,3059,Card
10000470,5679,Card
10000471,3617,Card
10000472,5402,Cash
10000473,4118,Card
10000474,3066,Cash
10000475,4408,Card
10000476,3836,Card
10000477,3243,Card
10000478,4678,Card
10000479,5882,Card
10000480,5359,Card
10000481,3167,Card
10000482,3408,Card
10000483,5249,Cash
10000484,5092,Card
10000485,4581,Card
10000486,5438,Card
10000487,4820,Card
10000488,5822,Cash
10000489,3110,Card
10000490,4192,Card
10000491,5970,Card
10000492,5993,Card
10000493,3363,Card
10000494,4439,Card
10000495,5077,Card
10000496,3750,Cash
10000497,5031,Card
10000498,5161,Card
10000499,5773,Card
10000500,5816,Card
10000501,3295,Cash
10000502,3664,Card
10000503,4615,Cash
10000504,4772,Card
10000505,4802,Card
10000506,3020,Card
10000507,5067,Card
10000508,3778,Cash
10000509,4924,Card
10000510,4710,Cash
10000511,3597,Card
10000512,3718,Card
10000513,5067,Card
10000514,5322,Card
10000515,5806,Card
10000516,5803,Card
10000517,4413,Cash
10000518,5704,Card
10000519,4429,Cash
10000520,5633,Card
10000521,4712,Cash
10000522,3496,Card
10000523,3080,Card
10000524,4856,Card
10000525,4551,Cash
10000526,3820,Card
10000527,5285,Card
10000528,5728,Cash
10000529,5682,Cash
10000530,3487,Card
10000531,3377,Card
10000532,4671,Cash
10000533,5203,Cash
10000534,5268,Cash
10000535,3552,Cash
10000536,5523,Card
10000537,5329,Card
10000538,4866,Card
10000539,5957,Card
10000540,4448,Card
10000541,4740,Cash
10000542,3322,Card
10000543,4425,Cash
10000544,5602,Card
10000545,3194,Card
10000546,5354,Card
10000547,4489,Cash
10000548,3420,Cash
10000549,4381,Cash
10000550,5919,Card
10000551,4447,Cash
10000552,5922,Card
10000553,3144,Cash
10000554,5794,Card
10000555,4315,Card
10000556,4873,Card
10000557,5581,Card
10000558,3703,Cash
10000559,4939,Cash
10000560,4021,Card
10000561,4837,Card
10000562,5650,Cash
10000563,4243,Cash
10000564,5867,Card
10000565,4664,Card
10000566,5583,Card
10000567,5641,Card
10000568,4184,Card
10000569,5702,Cash
10000570,5217,Cash
10000571,5515,Card
10000572,4273,Cash
10000573,5395,Card
10000574,4960,Cash
10000575,3072,Card
10000576,3766,Cash
10000577,4319,Card
10000578,5368,Cash
10000579,5551,Cash
10000580,4347,Card
10000581,3272,Card
10000582,4827,Card
10000583,3104,Card
10000584,4763,Card
10000585,4021,Card
10000586,4671,Cash
10000587,4962,Cash
10000588,5211,Cash
10000589,4573,Cash
10000590,4314,Card
10000591,3471,Cash
10000592,4535,Card
10000593,5017,Cash
10000594,4206,Cash
10000595,3853,Cash
10000596,4177,Card
10000597,3866,Cash
10000598,3784,Card
10000599,4520,Card
10000600,3363,Cash
10000601,5618,Card
10000602,3988,Card
10000603,4822,Card
10000604,4204,Card
10000605,3251,Cash
10000606,5642,Cash
10000607,4838,Card
10000608,4206,Cash
10000609,5132,Card
10000610,4895,Cash
10000611,5177,Card
10000612,3230,Cash
10000613,4284,Cash
10000614,3054,Cash
10000615,3025,Cash
10000616,3588,Card
10000617,5594,Card
10000618,4447,Card
10000619,3345,Card
10000620,4137,Cash
10000621,4379,Cash
10000622,4820,Cash
10000623,5126,Cash
10000624,4734,Card
10000625,5560,Card
10000626,3870,Cash
10000627,3481,Card
10000628,3697,Card
10000629,5779,Card
10000630,5102,Cash
10000631,3456,Cash
10000632,3215,Card
10000633,4951,Cash
10000634,3753,Cash
10000635,5671,Cash
10000636,4521,Card
10000637,5396,Card
10000638,5674,Cash
10000639,3202,Cash
10000640,4844,Cash
10000641,5229,Card
10000642,4346,Cash
10000643,5814,Cash
10000644,3777,Cash
10000645,4621,Card
10000646,5181,Cash
10000647,5447,Cash
10000648,3780,Card
10000649,3971,Cash
10000650,3778,Card
10000651,3035,Card
10000652,25066,Cash
10000653,25151,Card
10000654,26008,Card
10000655,24950,Card
10000656,25947,Cash
10000657,26688,Cash
10000658,26220,Cash
10000659,26351,Cash
10000660,25524,Cash
10000661,24916,Cash
10000662,24451,Cash
10000663,26299,Card
10000664,25072,Card
10000665,24002,Card
10000666,25653,Cash
10000667,25445,Card
10000668,24138,Cash
10000669,26290,Cash
10000670,25154,Cash
10000671,25241,Cash
10000672,24573,Card
10000673,26935,Cash
10000674,26602,Card
10000675,25639,Cash
10000676,26995,Cash
10000677,25106,Card
10000678,26824,Card
10000679,32400,Card
10000680,31023,Card
10000681,30696,Card
10000682,32546,Card
10000683,30046,Card
10000684,30163,Card
10000685,31402,Cash
10000686,7715,Cash
10000687,6851,Cash
10000688,6534,Card
10000689,7724,Cash
10000690,6548,Cash
10000691,6353,Card
10000692,8378,Card
10000693,8684,Card
10000694,8356,Cash
10000695,7191,Cash
10000696,7060,Card
10000697,6229,Card
10000698,6857,Card
10000699,7147,Cash
10000700,8942,Card
10000701,6497,Card
10000702,8617,Cash
10000703,7492,Card
10000704,7326,Cash
10000705,7936,Cash
10000706,7500,Cash
10000707,6167,Card
10000708,6553,Card
10000709,6539,Card
10000710,7359,Cash
10000711,6851,Card
10000712,6788,Cash
10000713,7315,Card
10000714,8535,Cash
10000715,7213,Card
10000716,8186,Cash
10000717,6266,Card
10000718,7502,Cash
10000719,7705,Card
10000720,7772,Cash
10000721,8117,Cash
10000722,8546,Card
10000723,7178,Card
10000724,7789,Card
10000725,8757,Cash
10000726,8367,Cash
10000727,6664,Card
10000728,7624,Cash
10000729,7076,Card
10000730,7821,Card
10000731,8755,Card
10000732,6431,Cash
10000733,7522,Card
10000734,7674,Cash
10000735,7935,Card
10000736,7124,Cash
10000737,7474,Cash
10000738,6107,Cash
10000739,8968,Card
10000740,7552,Card
10000741,8507,Card
10000742,7335,Card
10000743,8702,Card
10000744,7819,Card
10000745,7877,Card
10000746,7176,Cash
10000747,6148,Card
10000748,7871,Cash
10000749,8405,Card
10000750,7439,Cash
10000751,7452,Card
10000752,7986,Card
10000753,7031,Card
10000754,8770,Card
10000755,6801,Card
10000756,8946,Card
10000757,8165,Card
10000758,6977,Card
10000759,6377,Cash
10000760,8435,Card
10000761,7398,Cash
10000762,7975,Card
10000763,7156,Card
10000764,7931,Card
10000765,6832,Cash
10000766,8293,Cash
10000767,8454,Card
10000768,8042,Cash
10000769,6363,Card
10000770,6004,Card
10000771,7835,Cash
10000772,7976,Cash
10000773,6588,Card
10000774,7538,Cash
10000775,7777,Cash
10000776,7639,Card
10000777,6624,Card
10000778,7645,Cash
10000779,7333,Cash
10000780,7073,Cash
10000781,8839,Card
10000782,8867,Cash
10000783,7017,Cash
10000784,6914,Cash
10000785,8936,Cash
10000786,8908,Card
10000787,7564,Card
10000788,6572,Cash
10000789,7904,Card
10000790,7233,Card
10000791,8694,Card
10000792,8571,Card
10000793,6952,Cash
10000794,9841,Card
10000795,11656,Card
10000796,9198,Card
10000797,10454,Cash
10000798,9665,Card
10000799,54825,Card
10000800,54218,Cash
10000801,2407,Cash
10000802,695,Cash
10000803,2735,Cash
10000804,2769,Card
10000805,1960,Card
10000806,2153,Card
10000807,1946,Cash
10000808,741,Cash
10000809,1604,Card
10000810,2543,Card
10000811,246,Card
10000812,901,Cash
10000813,1111,Card
10000814,2302,Card
10000815,1380,Card
10000816,2876,Card
10000817,1628,Card
10000818,818,Card
10000819,2578,Card
10000820,1797,Cash
10000821,2814,Card
10000822,1829,Card
10000823,726,Cash
10000824,2933,Card
10000825,1249,Cash
10000826,1201,Card
10000827,2519,Cash
10000828,2672,Card
10000829,1865,Card
10000830,1179,Cash
10000831,1566,Cash
10000832,1022,Card
10000833,2491,Cash
10000834,486,Card
10000835,469,Card
10000836,1555,Card
10000837,2964,Card
10000838,816,Card
10000839,1048,Card
10000840,2819,Card
10000841,455,Card
10000842,919,Card
10000843,957,Card
10000844,2203,Card
10000845,9,Card
10000846,1066,Card
10000847,2541,Cash
10000848,1981,Card
10000849,951,Cash
10000850,2609,Card
10000851,901,Cash
10000852,2265,Card
10000853,2760,Card
10000854,2404,Cash
10000855,857,Cash
10000856,838,Cash
10000857,1859,Card
10000858,2192,Card
10000859,1250,Card
10000860,268,Cash
10000861,364,Card
10000862,1233,Cash
10000863,804,Card
10000864,1405,Card
10000865,2911,Card
10000866,1301,Cash
10000867,376,Cash
10000868,2238,Card
10000869,475,Cash
10000870,2545,Cash
10000871,268,Card
10000872,997,Card
10000873,2171,Card
10000874,912,Card
10000875,112,Card
10000876,2757,Card
10000877,2829,Card
10000878,105,Card
10000879,2595,Cash
10000880,2222,Card
10000881,1922,Card
10000882,849,Card
10000883,2794,Cash
10000884,2605,Card
10000885,1698,Card
10000886,1482,Card
10000887,1600,Card
10000888,2671,Card
10000889,1934,Card
10000890,683,Cash
10000891,1774,Cash
10000892,732,Cash
10000893,330,Cash
10000894,718,Cash
10000895,2207,Cash
10000896,1330,Cash
10000897,2001,Card
10000898,1995,Card
10000899,1073,Card
10000900,639,Cash
10000901,2041,Cash
10000902,783,Card
10000903,2487,Card
10000904,2437,Cash
10000905,2596,Card
10000906,2682,Card
10000907,195,Cash
10000908,2978,Card
10000909,2824,Cash
10000910,761,Cash
10000911,1693,Cash
10000912,2731,Cash
10000913,676,Card
10000914,2863,Card
10000915,2585,Card
10000916,1338,Cash
10000917,1918,Card
10000918,2751,Card
10000919,2355,Cash
10000920,1270,Cash
10000921,2500,Card
10000922,748,Cash
10000923,999,Card
10000924,815,Cash
10000925,958,Cash
10000926,2067,Card
10000927,1808,Cash
10000928,1144,Card
10000929,439,Cash
10000930,421,Card
10000931,1904,Cash
10000932,1999,Card
10000933,2544,Card
10000934,1464,Card
10000935,2506,Card
10000936,45,Card
10000937,1047,Cash
10000938,1294,Card
10000939,2593,Card
10000940,1020,Cash
10000941,1859,Card
10000942,1540,Cash
10000943,1906,Cash
10000944,2171,Cash
10000945,257,Card
10000946,2343,Cash
10000947,959,Card
10000948,1779,Card
10000949,930,Cash
10000950,2659,Card
10000951,441,Card
10000952,1520,Cash
10000953,1305,Cash
10000954,1438,Cash
10000955,1062,Cash
10000956,1461,Cash
10000957,320,Cash
10000958,1526,Card
10000959,1422,Cash
10000960,2616,Cash
10000961,85,Card
10000962,2773,Card
10000963,2677,Card
10000964,2270,Card
10000965,1518,Cash
10000966,2354,Card
10000967,337,Card
10000968,2732,Card
10000969,1314,Card
10000970,708,Card
10000971,955,Cash
10000972,2558,Card
10000973,2884,Card
10000974,1237,Card
10000975,573,Card
10000976,1375,Cash
10000977,2985,Cash
10000978,2675,Cash
10000979,199,Cash
10000980,808,Cash
10000981,488,Cash
10000982,1308,Cash
10000983,2082,Card
10000984,2609,Cash
10000985,1934,Card
10000986,559,Cash
10000987,374,Card
10000988,1624,Card
10000989,1553,Card
10000990,2344,Card
10000991,2644,Card
10000992,2711,Card
10000993,1542,Cash
10000994,780,Cash
10000995,1523,Card
10000996,1179,Card
10000997,2564,Card
10000998,513,Cash
10000999,2529,Cash
10001000,2712,Card
10001001,2761,Card
10001002,17444,Cash
10001003,17511,Card
10001004,16737,Card
10001005,17099,Card
10001006,15520,Cash
10001007,17281,Card
10001008,22859,Card
10001009,21481,Card
10001010,22802,Card
10001011,21417,Card
10001012,50056,Cash
10001013,49858,Cash
10001014,47687,Card
10001015,46820,Cash
10001016,47146,Cash
10001017,46007,Card
10001018,18214,Card
10001019,18577,Card
10001020,18398,Card
10001021,20145,Cash
10001022,20805,Cash
10001023,19911,Card
10001024,20419,Card
10001025,20472,Cash
10001026,18624,Card
10001027,20090,Cash
10001028,19130,Cash
10001029,20277,Card
10001030,19211,Card
10001031,19917,Cash
10001032,20142,Card
10001033,19359,Card
10001034,19330,Card
10001035,20262,Cash
10001036,20307,Card
10001037,18011,Cash
10001038,20922,Card
10001039,19913,Cash
10001040,20987,Card
10001041,18174,Cash
10001042,19249,Card
10001043,18510,Card
10001044,18215,Card
10001045,18121,Card
10001046,19540,Cash
10001047,18898,Card
10001048,19752,Card
10001049,20954,Cash
10001050,20270,Card
10001051,18459,Card
10001052,18020,Card
10001053,20677,Cash
10001054,20443,Card
10001055,18203,Cash
10001056,19855,Cash
10001057,20146,Cash
10001058,19328,Card
10001059,44459,Card
10001060,42542,Cash
10001061,44190,Card
10001062,44503,Cash
10001063,44931,Card
10001064,43477,Card
10001065,44831,Card
10001066,42377,Card
10001067,42459,Card
10001068,44279,Card
10001069,44395,Cash
10001070,42123,Card
10001071,44415,Cash
10001072,44131,Cash
10001073,44772,Card
10001074,43894,Cash
10001075,42379,Card
10001076,43960,Card
10001077,44763,Card
10001078,44367,Cash
10001079,44650,Card
10001080,42298,Cash
10001081,44890,Card
10001082,44705,Cash
10001083,43754,Cash
10001084,43152,Card
10001085,42281,Cash
10001086,44246,Card
10001087,44107,Card
10001088,43137,Card
10001089,43165,Cash
10001090,43448,Card
10001091,44584,Cash
10001092,42920,Card
10001093,44373,Card
10001094,43248,Card
10001095,42102,Cash
10001096,43433,Card
10001097,42205,Card
10001098,43814,Card
10001099,43935,Cash
10001100,44868,Cash
10001101,44325,Card
10001102,42121,Card
10001103,43307,Cash
10001104,42107,Cash
10001105,43584,Cash
10001106,44497,Cash
10001107,44885,Card
10001108,42795,Card
10001109,42288,Card
10001110,44624,Cash
10001111,44641,Card
10001112,43746,Card
10001113,44520,Card
10001114,42659,Card
10001115,44873,Card
10001116,42882,Cash
10001117,44585,Card
10001118,43299,Card
10001119,43849,Card
10001120,42995,Card
10001121,42392,Card
10001122,42980,Card
10001123,44719,Card
10001124,42336,Cash
10001125,43080,Cash
10001126,43158,Cash
10001127,44993,Cash
10001128,43875,Card
10001129,44940,Card
10001130,42091,Cash
10001131,42836,Card
10001132,42745,Card
10001133,42771,Card
10001134,44454,Card
10001135,43860,Card
10001136,43842,Card
10001137,44219,Cash
10001138,44923,Card
10001139,44089,Card
10001140,44809,Card
10001141,44456,Cash
10001142,43704,Card
10001143,43178,Card
10001144,42231,Card
10001145,42460,Card
10001146,44018,Cash
10001147,44785,Card
10001148,44789,Card
10001149,42905,Card
10001150,42519,Card
10001151,44183,Cash
10001152,42811,Card
10001153,43044,Card
10001154,43743,Card
10001155,43812,Card
10001156,42858,Card
10001157,42115,Card
10001158,44272,Cash
10001159,44600,Card
10001160,44568,Card
10001161,43470,Card
10001162,43209,Card
10001163,43787,Cash
10001164,42579,Cash
10001165,42756,Cash
10001166,44824,Card
10001167,42247,Card
10001168,43895,Cash
10001169,44068,Cash
10001170,44773,Cash
10001171,43706,Card
10001172,44660,Card
10001173,43375,Cash
10001174,42965,Card
10001175,44944,Cash
10001176,44134,Cash
10001177,42647,Card
10001178,42548,Cash
10001179,44344,Cash
10001180,44219,Card
10001181,43673,Cash
10001182,44696,Card
10001183,42729,Cash
10001184,43786,Card
10001185,44376,Card
10001186,43284,Card
10001187,43279,Card
10001188,43392,Card
10001189,43741,Card
10001190,42770,Card
10001191,43221,Card
10001192,44759,Card
10001193,42510,Cash
10001194,42946,Cash
10001195,43527,Cash
10001196,43887,Cash
10001197,43435,Cash
10001198,42538,Card
10001199,42270,Card
10001200,42832,Cash
10001201,42666,Card
10001202,44037,Cash
10001203,44182,Card
10001204,43148,Card
10001205,43924,Card
10001206,44283,Cash
10001207,43905,Cash
10001208,42485,Cash
10001209,42750,Card
10001210,43159,Card
10001211,44795,Cash
10001212,44605,Card
10001213,43197,Card
10001214,44001,Cash
10001215,43108,Card
10001216,42840,Cash
10001217,42549,Card
10001218,36774,Cash
10001219,37298,Cash
10001220,36491,Cash
10001221,37875,Card
10001222,37212,Card
10001223,38708,Card
10001224,36504,Card
10001225,38316,Card
10001226,36316,Card
10001227,37046,Card
10001228,37475,Card
10001229,36113,Card
10001230,38210,Card
10001231,36596,Card
10001232,37393,Card
10001233,37969,Card
10001234,38146,Cash
10001235,36958,Card
10001236,38101,Card
10001237,37044,Cash
10001238,36354,Card
10001239,36552,Card
10001240,37227,Card
10001241,37369,Card
10001242,14513,Card
10001243,13618,Card
10001244,13678,Card
10001245,13050,Cash
10001246,13951,Cash
10001247,13837,Card
10001248,12223,Cash
10001249,12932,Cash
10001250,14892,Card
10001251,14290,Card
10001252,12565,Cash
10001253,13107,Card
10001254,13894,Card
10001255,14193,Cash
10001256,13296,Cash
10001257,41978,Card
10001258,40845,Cash
10001259,41819,Card
10001260,52090,Card
10001261,52379,Card
10001262,52212,Cash
10001263,52182,Cash
10001264,53905,Cash
10001265,53880,Cash
10001266,53311,Cash
10001267,52146,Card
10001268,53651,Cash
10001269,52109,Card
10001270,53657,Card
10001271,51013,Card
10001272,51772,Card
10001273,52539,Cash
10001274,51661,Card
10001275,52137,Card
10001276,52577,Cash
10001277,52533,Card
10001278,52986,Cash
10001279,52214,Cash
10001280,53944,Card
10001281,51580,Card
10001282,51131,Card
10001283,52060,Card
10001284,53184,Card
10001285,52358,Card
10001286,51933,Card
10001287,53973,Card
10001288,52880,Cash
10001289,53126,Card
10001290,51574,Card
10001291,53683,Card
10001292,51818,Cash
10001293,53041,Card
10001294,53307,Card
10001295,52189,Card
10001296,53966,Card
10001297,51166,Card
10001298,51529,Cash
10001299,51478,Card
10001300,51032,Card
10001301,53790,Cash
10001302,52264,Card
10001303,51417,Cash
10001304,53850,Card
10001305,53758,Cash
10001306,53521,Cash
10001307,52686,Cash
10001308,53790,Card
10001309,53095,Cash
10001310,53386,Card
10001311,53048,Card
10001312,51848,Card
10001313,51774,Card
10001314,51824,Card
10001315,52207,Cash
10001316,52373,Card
10001317,51999,Card
10001318,51961,Card
10001319,51214,Cash
10001320,52625,Cash
10001321,53459,Cash
10001322,52501,Cash
10001323,53914,Cash
10001324,52001,Card
10001325,51651,Card
10001326,51026,Cash
10001327,51377,Cash
10001328,51745,Cash
10001329,52377,Card
10001330,52492,Card
10001331,52842,Card
10001332,51840,Cash
10001333,53083,Card
10001334,53127,Card
10001335,53927,Cash
10001336,52630,Cash
10001337,52879,Cash
10001338,53296,Cash
10001339,53481,Cash
10001340,52536,Card
10001341,51922,Card
10001342,52836,Card
10001343,53012,Cash
10001344,53792,Card
10001345,52959,Cash
10001346,51149,Card
10001347,52497,Card
10001348,51196,Card
10001349,52935,Cash
10001350,52016,Card
10001351,51444,Card
10001352,52040,Card
10001353,51725,Card
10001354,51654,Cash
10001355,53314,Card
10001356,52013,Cash
10001357,53251,Cash
10001358,51384,Card
10001359,53395,Card
10001360,53817,Card
10001361,51929,Cash
10001362,53284,Card
10001363,52596,Card
10001364,53495,Card
10001365,51227,Card
10001366,52350,Card
10001367,53069,Card
10001368,51985,Card
10001369,53193,Card
10001370,53301,Card
10001371,51329,Card
10001372,52436,Cash
10001373,52327,Cash
10001374,52242,Card
10001375,51824,Cash
10001376,52443,Cash
10001377,51054,Cash
10001378,51328,Card
10001379,52983,Card
10001380,53820,Card
10001381,51744,Cash
10001382,51599,Card
10001383,52472,Cash
10001384,51916,Card
10001385,52905,Card
10001386,51312,Card
10001387,53829,Card
10001388,29274,Card
10001389,29587,Card
10001390,29066,Card
10001391,29729,Card
10001392,29324,Card
10001393,29780,Card
10001394,29654,Cash
10001395,29150,Card
10001396,33783,Card
10001397,35258,Card
10001398,57589,Card
10001399,58507,Cash
10001400,58881,Cash
10001401,57170,Card
10001402,57702,Cash
10001403,59102,Card
10001404,57093,Card
10001405,58686,Cash
10001406,57179,Cash
10001407,57023,Card
10001408,59204,Card
10001409,59738,Cash
10001410,57152,Card
10001411,57407,Cash
10001412,4576,Card
10001413,3648,Cash
10001414,3744,Cash
10001415,4214,Card
10001416,5439,Cash
10001417,3242,Cash
10001418,5162,Card
10001419,3083,Card
10001420,5186,Card
10001421,4141,Card
10001422,5299,Card
10001423,4341,Card
10001424,4459,Card
10001425,3968,Cash
10001426,5354,Cash
10001427,4841,Card
10001428,5965,Card
10001429,3651,Cash
10001430,4735,Card
10001431,5964,Cash
10001432,3476,Cash
10001433,4511,Card
10001434,4155,Card
10001435,3741,Cash
10001436,5871,Cash
10001437,4522,Card
10001438,5735,Cash
10001439,5804,Card
10001440,4574,Cash
10001441,3884,Cash
10001442,26785,Cash
10001443,26924,Cash
10001444,24969,Card
10001445,26522,Card
10001446,25293,Card
10001447,24569,Card
10001448,31114,Cash
10001449,30974,Cash
10001450,30897,Card
10001451,6561,Card
10001452,6234,Card
10001453,8434,Card
10001454,7758,Card
10001455,8282,Card
10001456,6185,Cash
10001457,7282,Card
10001458,6246,Cash
10001459,8375,Cash
10001460,7685,Card
10001461,6237,Card
10001462,6971,Card
10001463,7398,Card
10001464,7151,Cash
10001465,8515,Card
10001466,8427,Cash
10001467,6763,Cash
10001468,6862,Cash
10001469,6449,Cash
10001470,6810,Cash
10001471,8284,Card
10001472,6074,Card
10001473,8640,Cash
10001474,8445,Card
10001475,7442,Card
10001476,8734,Card
10001477,8217,Card
10001478,8829,Cash
10001479,6193,Card
10001480,8683,Cash
10001481,8452,Card
10001482,6918,Card
10001483,8085,Card
10001484,6366,Cash
10001485,7742,Cash
10001486,6191,Card
10001487,8590,Card
10001488,7953,Cash
10001489,6041,Cash
10001490,6384,Cash
10001491,8626,Card
10001492,7894,Card
10001493,6720,Cash
10001494,7055,Card
10001495,11941,Card
10001496,9200,Card
10001497,10299,Card
10001498,55501,Card
10001499,56759,Cash
10001500,56509,Cash
10001501,2936,Cash
10001502,777,Card
10001503,8,Cash
10001504,2689,Card
10001505,2561,Card
10001506,1713,Card
10001507,2375,Cash
10001508,2721,Cash
10001509,571,Card
10001510,765,Cash
10001511,686,Card
10001512,2399,Card
10001513,944,Card
10001514,1835,Card
10001515,2866,Cash
10001516,2617,Cash
10001517,2550,Card
10001518,26,Card
10001519,2923,Cash
10001520,1888,Cash
10001521,2946,Card
10001522,207,Card
10001523,2774,Card
10001524,420,Card
10001525,2655,Card
10001526,115,Card
10001527,718,Card
10001528,1775,Cash
10001529,2419,Cash
10001530,769,Cash
10001531,1696,Card
10001532,2571,Cash
10001533,674,Card
10001534,2663,Card
10001535,16685,Cash
10001536,16137,Card
10001537,17717,Cash
10001538,23930,Card
10001539,21259,Card
10001540,22454,Cash
10001541,47883,Card
10001542,46368,Cash
10001543,45875,Card
10001544,18652,Card
10001545,20505,Card
10001546,20938,Card
10001547,18388,Cash
10001548,18130,Cash
10001549,20546,Card
10001550,19516,Card
10001551,19388,Card
10001552,20275,Cash
10001553,20454,Cash
10001554,19877,Card
10001555,20349,Cash
10001556,19504,Card
10001557,20275,Card
10001558,18214,Card
10001559,20149,Card
10001560,19492,Card
10001561,19253,Cash
10001562,20773,Card
10001563,20588,Card
10001564,20821,Card
10001565,19045,Cash
10001566,19216,Card
10001567,18278,Card
10001568,19374,Card
10001569,42845,Card
10001570,44544,Cash
10001571,43168,Card
10001572,42787,Card
10001573,44818,Card
10001574,42747,Card
10001575,42496,Card
10001576,44142,Cash
10001577,43817,Card
10001578,43845,Cash
10001579,43089,Card
10001580,44544,Cash
10001581,42193,Cash
10001582,43283,Cash
10001583,44780,Card
10001584,43998,Cash
10001585,44844,Card
10001586,42009,Card
10001587,43093,Card
10001588,42432,Card
10001589,43554,Card
10001590,42843,Card
10001591,44490,Cash
10001592,42087,Card
10001593,44215,Card
10001594,44853,Card
10001595,43259,Card
10001596,42444,Card
10001597,42503,Cash
10001598,42847,Cash
10001599,43446,Cash
10001600,44368,Cash
10001601,42014,Card
10001602,43662,Card
10001603,42337,Cash
10001604,42364,Cash
10001605,42260,Cash
10001606,42622,Card
10001607,43991,Cash
10001608,42849,Card
10001609,42843,Card
10001610,43538,Cash
10001611,42263,Card
10001612,43420,Cash
10001613,42527,Card
10001614,44780,Card
10001615,44871,Cash
10001616,44188,Card
10001617,43212,Cash
10001618,44304,Card
10001619,44160,Cash
10001620,43965,Card
10001621,44695,Cash
10001622,42625,Card
10001623,44630,Card
10001624,42883,Card
10001625,42982,Card
10001626,44431,Cash
10001627,44074,Cash
10001628,42027,Cash
10001629,44373,Cash
10001630,43325,Card
10001631,44246,Card
10001632,43637,Card
10001633,43224,Card
10001634,43640,Cash
10001635,43835,Card
10001636,43022,Card
10001637,44364,Card
10001638,42030,Card
10001639,42732,Card
10001640,43097,Cash
10001641,42122,Cash
10001642,43657,Card
10001643,43279,Card
10001644,42528,Cash
10001645,43793,Card
10001646,43092,Cash
10001647,44558,Cash
10001648,44052,Cash
10001649,44971,Cash
10001650,43438,Cash
10001651,43637,Cash
10001652,44911,Card
10001653,44718,Card
10001654,43460,Card
10001655,44099,Card
10001656,44522,Cash
10001657,43299,Card
10001658,42443,Cash
10001659,44221,Cash
10001660,42896,Card
10001661,43471,Card
10001662,43652,Card
10001663,43163,Cash
10001664,42022,Cash
10001665,42056,Card
10001666,43489,Cash
10001667,42162,Cash
10001668,42423,Card
10001669,43923,Card
10001670,44186,Cash
10001671,44310,Card
10001672,42744,Card
10001673,42997,Cash
10001674,43522,Card
10001675,42222,Card
10001676,44242,Cash
10001677,42571,Cash
10001678,42513,Card
10001679,42704,Cash
10001680,44247,Card
10001681,42866,Cash
10001682,43842,Cash
10001683,43124,Cash
10001684,42948,Card
10001685,43516,Cash
10001686,44385,Cash
10001687,43909,Cash
10001688,44656,Card
10001689,44819,Card
10001690,44977,Card
10001691,43764,Cash
10001692,43107,Cash
10001693,42809,Cash
10001694,43787,Card
10001695,42020,Cash
10001696,42241,Cash
10001697,43258,Card
10001698,43019,Cash
10001699,42687,Card
10001700,42358,Cash
10001701,44751,Card
10001702,43324,Cash
10001703,43950,Card
10001704,43887,Card
10001705,42336,Cash
10001706,43990,Cash
10001707,44970,Cash
10001708,42045,Card
10001709,44422,Cash
10001710,44049,Cash
10001711,38551,Cash
10001712,38952,Card
10001713,36825,Cash
10001714,38056,Cash
10001715,37530,Card
10001716,36888,Card
10001717,38042,Cash
10001718,37375,Card
10001719,37064,Cash
10001720,37960,Card
10001721,36448,Card
10001722,38062,Card
10001723,37384,Cash
10001724,38376,Cash
10001725,36088,Cash
10001726,37583,Cash
10001727,13307,Card
10001728,13290,Card
10001729,12137,Cash
10001730,12920,Card
10001731,12506,Cash
10001732,12380,Card
10001733,14975,Cash
10001734,12725,Cash
10001735,13395,Cash
10001736,14457,Card
10001737,40021,Card
10001738,41789,Cash
10001739,53481,Cash
10001740,53995,Cash
10001741,53854,Cash
10001742,52444,Cash
10001743,52994,Cash
10001744,52191,Card
10001745,52308,Cash
10001746,52973,Cash
10001747,51237,Card
10001748,51900,Card
10001749,53438,Card
10001750,52554,Card
10001751,28548,Cash
10001752,27051,Cash
10001753,29459,Cash
10001754,28658,Card
10001755,28076,Card
10001756,28956,Card
10001757,28846,Card
10001758,28416,Cash
10001759,27006,Card
10001760,29547,Card
10001761,27753,Card
10001762,27937,Card
10001763,27310,Cash
10001764,29010,Card
10001765,28751,Card
10001766,28469,Card
10001767,27679,Cash
10001768,29822,Cash
10001769,33693,Cash
10001770,34554,Card
10001771,34923,Cash
10001772,35177,Card
10001773,34307,Cash
10001774,58578,Card
10001775,59900,Card
10001776,59781,Cash
10001777,57321,Cash
10001778,58987,Cash
10001779,57284,Cash
10001780,59453,Card
10001781,59604,Card
10001782,59965,Card
10001783,59489,Cash
10001784,57050,Card
10001785,57642,Cash
10001786,59224,Card
10001787,57118,Card
10001788,58762,Card
10001789,57509,Card
10001790,59518,Cash
10001791,58228,Cash
10001792,59677,Cash
10001793,58370,Card
10001794,58815,Card
10001795,58104,Cash
10001796,58308,Cash
10001797,57320,Cash
10001798,57549,Cash
10001799,58216,Cash
10001800,59573,Cash
10001801,57143,Card
10001802,57910,Card
10001803,57334,Cash
10001804,57580,Cash
10001805,57224,Cash
10001806,59559,Card
10001807,58258,Cash
10001808,59595,Card
10001809,57200,Cash
10001810,58757,Cash
10001811,58380,Card
10001812,59378,Card
10001813,59398,Cash
10001814,57517,Card
10001815,59599,Cash
10001816,58414,Card
10001817,57234,Card
10001818,58297,Card
10001819,59924,Card
10001820,59573,Card
10001821,57507,Cash
10001822,57071,Card
10001823,57820,Cash
10001824,58807,Cash
10001825,57507,Cash
10001826,59079,Cash
10001827,59760,Cash
10001828,59160,Cash
10001829,57654,Card
10001830,59593,Card
10001831,59925,Cash
10001832,59422,Card
10001833,57251,Card
10001834,58292,Card
10001835,5996,Card
10001836,5460,Cash
10001837,5216,Cash
10001838,3077,Card
10001839,3232,Card
10001840,5423,Card
10001841,5967,Card
10001842,5776,Card
10001843,4975,Card
10001844,4806,Cash
10001845,5062,Card
10001846,3883,Cash
10001847,3763,Cash
10001848,5521,Card
10001849,3336,Card
10001850,5614,Cash
10001851,3448,Cash
10001852,4302,Cash
10001853,3177,Card
10001854,3580,Card
10001855,3070,Card
10001856,5080,Cash
10001857,4732,Card
10001858,3220,Cash
10001859,3547,Cash
10001860,5466,Card
10001861,3060,Cash
10001862,4214,Cash
10001863,3591,Card
10001864,4994,Card
10001865,5925,Cash
10001866,4878,Cash
10001867,3149,Card
10001868,5964,Card
10001869,4166,Card
10001870,3630,Cash
10001871,3297,Card
10001872,3828,Cash
10001873,3902,Card
10001874,4548,Card
10001875,3032,Cash
10001876,3616,Card
10001877,5121,Card
10001878,4690,Cash
10001879,3720,Card
10001880,4039,Cash
10001881,5241,Cash
10001882,3563,Card
10001883,4287,Card
10001884,5763,Card
10001885,5891,Cash
10001886,3099,Card
10001887,3255,Card
10001888,4009,Card
10001889,5072,Card
10001890,5663,Card
10001891,5564,Cash
10001892,3657,Cash
10001893,3214,Cash
10001894,4496,Card
10001895,3439,Cash
10001896,3208,Cash
10001897,3630,Cash
10001898,3548,Card
10001899,4970,Card
10001900,5258,Card
10001901,5330,Card
10001902,4274,Card
10001903,5387,Cash
10001904,5562,Card
10001905,3334,Card
10001906,3684,Cash
10001907,5476,Card
10001908,4763,Card
10001909,4710,Cash
10001910,4963,Card
10001911,4283,Card
10001912,4169,Card
10001913,3425,Card
10001914,5679,Card
10001915,4731,Cash
10001916,5840,Card
10001917,5652,Card
10001918,5139,Cash
10001919,3905,Cash
10001920,5778,Card
10001921,4281,Card
10001922,3124,Cash
10001923,3107,Card
10001924,3575,Card
10001925,5492,Card
10001926,4447,Card
10001927,3222,Card
10001928,4100,Card
10001929,4208,Cash
10001930,4045,Cash
10001931,4561,Cash
10001932,5771,Cash
10001933,3971,Card
10001934,4376,Card
10001935,4538,Cash
10001936,5483,Card
10001937,5446,Cash
10001938,3095,Card
10001939,5009,Cash
10001940,5761,Cash
10001941,5777,Card
10001942,4002,Card
10001943,4334,Cash
10001944,3040,Card
10001945,5081,Card
10001946,4908,Cash
10001947,4448,Card
10001948,3705,Card
10001949,4249,Cash
10001950,5096,Card
10001951,4043,Cash
10001952,3535,Card
10001953,3816,Card
10001954,5393,Cash
10001955,4617,Card
10001956,3391,Cash
10001957,4311,Cash
10001958,5365,Card
10001959,4529,Card
10001960,4900,Card
10001961,3650,Cash
10001962,5958,Cash
10001963,4260,Card
10001964,4690,Cash
10001965,5156,Cash
10001966,5432,Card
10001967,4125,Card
10001968,5269,Cash
10001969,3619,Cash
10001970,5465,Card
10001971,3872,Card
10001972,3856,Card
10001973,3933,Cash
10001974,4961,Cash
10001975,3935,Card
10001976,3604,Cash
10001977,5914,Cash
10001978,3353,Cash
10001979,4380,Card
10001980,3797,Cash
10001981,5813,Card
10001982,4387,Card
10001983,3267,Card
10001984,3628,Card
10001985,5472,Card
10001986,5583,Cash
10001987,4119,Card
10001988,5619,Cash
10001989,4363,Card
10001990,5708,Card
10001991,3067,Card
10001992,3735,Card
10001993,4722,Card
10001994,3946,Cash
10001995,4891,Card
10001996,5946,Cash
10001997,4150,Cash
10001998,3228,Card
10001999,3114,Cash
10002000,3835,Cash
10002001,4368,Cash
10002002,3430,Card
10002003,4847,Cash
10002004,4337,Card
10002005,3252,Cash
10002006,5029,Card
10002007,4176,Card
10002008,4014,Card
10002009,26938,Card
